bloque;1;numero descriptores;1
0.019495;0.013444;0.020732;0.0135526;0.0105001;0.00876337;0.0474635;0.0344346;0.0195997;0.00225452;0.0247666;0.00998171;0.00466469;0.0029312;0.00469971;0.00294288;0.0569556;0.0428392;0.0826899;0.0506771;-0.142821;-0.195447;0.202822;0.227135;0.314623;-0.0433248;0.335228;0.16362;0.0181047;0.00531864;0.0183162;0.00698669;-0.0443462;-0.0276298;0.0626466;0.0403411;-0.00723775;-0.111653;0.150104;0.204757;0.293314;-0.340762;0.341783;0.390264;0.0292325;-0.0582648;0.0298746;0.0670309;-0.0109706;-0.0147128;0.0110673;0.0147361;-0.00910118;-0.0942351;0.0153019;0.0972493;-0.00373159;-0.0248961;0.014418;0.029993;0.00580066;-0.0085591;0.00583436;0.00970818
bloque;12;numero descriptores;1
0.00632671;-0.0202664;0.00639344;0.0203685;0.0386412;-0.0644009;0.0401043;0.0647044;0.00423807;-0.00367332;0.00974897;0.00417798;0.00227355;-0.00106364;0.00228663;0.00108839;0.00230726;0.00464237;0.006017;0.0130173;0.361526;-0.0989278;0.416694;0.165532;0.269451;-0.117507;0.273298;0.125034;0.0249042;-0.00952648;0.0249042;0.00987119;-0.0335526;0.0863711;0.0362993;0.0863946;0.233107;0.253649;0.31709;0.304842;0.232889;0.0885865;0.246712;0.119972;0.0136799;-0.00772876;0.0154145;0.00772876;-0.000821783;-0.000355636;0.00221368;0.000548947;-0.00480596;-0.00468365;0.00480596;0.00482414;0.00147339;-0.00563199;0.00250515;0.00563199;0.000260339;-0.00109822;0.00090114;0.00114527
